continent,region,iso2,country,avr,1980-1989,1990-1999,2000-2009,2010-2019,Change_per_decade,percen
Africa,Northern Africa,DZ,Algeria,15.1,15.2,15.5,14.1,15.6,-0,-0
Africa,Northern Africa,EG,"Egypt, Arab Rep.",13.2,12.2,13.5,12.3,14.6,0.6,4.5
Africa,Northern Africa,LY,Libya,11.1,11.1,12.2,10.1,11.2,-0.2,-1.8
Africa,Northern Africa,MA,Morocco,14.7,15,14.8,14.4,14.6,-0.2,-1.4
Africa,Northern Africa,SD,Sudan,10.3,10.2,10.7,9.8,10.7,0.1,1
Africa,Northern Africa,TN,Tunisia,14.9,15.3,14.8,14.8,14.8,-0.1,-0.7
Africa,Northern Africa,,,12.5,12.4,12.9,11.8,12.9,0,
Africa,Northern Africa,,ESH,11.7,13,12,10.7,11.3,-0.6,-5.1
Africa,Sub-Saharan Africa,AO,Angola,6.8,7,8.6,5.4,6.1,-0.6,-8.8
Africa,Sub-Saharan Africa,BF,Burkina Faso,13.3,14.3,13.6,11.6,13.7,-0.4,-3
Africa,Sub-Saharan Africa,BI,Burundi,4.2,3.2,3.1,5.7,4.9,0.8,19
Africa,Sub-Saharan Africa,BJ,Benin,13.7,14.3,14.4,11.8,14.2,-0.3,-2.2
Africa,Sub-Saharan Africa,BW,Botswana,11.7,11.3,14.2,11.2,10.2,-0.6,-5.1
Africa,Sub-Saharan Africa,CD,"Congo, Dem. Rep.",5.6,5.4,6.3,4.9,5.8,-0,-0
Africa,Sub-Saharan Africa,CF,Central African Republic,10.2,10.1,11.8,8.6,10.5,-0.2,-2
Africa,Sub-Saharan Africa,CG,"Congo, Rep.",7,7.2,8.2,5.5,7.2,-0.3,-4.3
Africa,Sub-Saharan Africa,CI,Cote d'Ivoire,11,12.4,12,8.8,10.7,-0.8,-7.3
Africa,Sub-Saharan Africa,CM,Cameroon,10,10.3,11.2,8.2,10.2,-0.3,-3
Africa,Sub-Saharan Africa,CV,Cabo Verde,11,11,11.8,9.7,11.4,-0.1,-0.9
Africa,Sub-Saharan Africa,DJ,Djibouti,10.4,10.1,11.4,8.3,12,0.3,2.9
Africa,Sub-Saharan Africa,ER,Eritrea,9.5,8.3,9.7,9.7,10.3,0.6,6.3
Africa,Sub-Saharan Africa,ET,Ethiopia,9.4,8.4,10.1,9,10,0.4,4.3
Africa,Sub-Saharan Africa,GA,Gabon,7,7.4,8.2,6.2,6,-0.6,-8.6
Africa,Sub-Saharan Africa,GH,Ghana,10.5,13.4,11.8,7.9,9,-1.7,-16.2
Africa,Sub-Saharan Africa,GM,"Gambia, The",9.9,11.4,10.4,7,10.6,-0.6,-6.1
Africa,Sub-Saharan Africa,GN,Guinea,10.6,11.2,11.6,9.4,10.1,-0.5,-4.7
Africa,Sub-Saharan Africa,GQ,Equatorial Guinea,7.4,7.6,8.8,6.4,6.6,-0.5,-6.8
Africa,Sub-Saharan Africa,GW,Guinea-Bissau,9.2,10.5,9.4,6.2,10.9,-0.2,-2.2
Africa,Sub-Saharan Africa,KE,Kenya,12.7,13.3,12.6,11.9,12.8,-0.2,-1.6
Africa,Sub-Saharan Africa,KM,Comoros,6.2,6.9,8.3,3.2,6.4,-0.7,-11.3
Africa,Sub-Saharan Africa,LR,Liberia,7.5,8.8,9.5,5.2,6.7,-1.1,-14.7
Africa,Sub-Saharan Africa,LS,Lesotho,11.1,12.2,12,9.7,10.7,-0.7,-6.3
Africa,Sub-Saharan Africa,MG,Madagascar,10,9.4,10.8,11.1,8.8,-0.2,-2
Africa,Sub-Saharan Africa,ML,Mali,12.6,13.7,13,9.9,13.9,-0.2,-1.6
Africa,Sub-Saharan Africa,MR,Mauritania,10.3,11.9,11.1,8,10.2,-0.8,-7.8
Africa,Sub-Saharan Africa,MU,Mauritius,14.8,13.6,15.5,13.7,16.4,0.7,4.7
Africa,Sub-Saharan Africa,MW,Malawi,11.5,11.2,15.1,11.2,8.7,-1.1,-9.6
Africa,Sub-Saharan Africa,MZ,Mozambique,10.9,11.1,12.9,10.7,8.7,-0.9,-8.3
Africa,Sub-Saharan Africa,NA,Namibia,10.9,11.4,12.1,9.4,10.8,-0.4,-3.7
Africa,Sub-Saharan Africa,NE,Niger,13.1,13.8,13.7,10.9,13.9,-0.3,-2.3
Africa,Sub-Saharan Africa,NG,Nigeria,11.6,12.7,14.1,9.9,9.9,-1.3,-11.2
Africa,Sub-Saharan Africa,RW,Rwanda,4.2,2.9,5.4,4.4,4.2,0.3,7.1
Africa,Sub-Saharan Africa,SC,Seychelles,9,7.6,10.4,7.3,10.7,0.6,6.7
Africa,Sub-Saharan Africa,SL,Sierra Leone,8.4,8.9,8.8,8,7.9,-0.4,-4.8
Africa,Sub-Saharan Africa,SN,Senegal,10.5,11.6,11.6,7.9,10.8,-0.6,-5.7
Africa,Sub-Saharan Africa,SO,Somalia,9.4,8.8,10.1,9.5,9.3,0.1,1.1
Africa,Sub-Saharan Africa,ST,Sao Tome and Principe,8.5,9.5,9,7.7,7.8,-0.6,-7.1
Africa,Sub-Saharan Africa,SZ,Eswatini,9.4,10.9,9.9,9.7,7.1,-1.2,-12.8
Africa,Sub-Saharan Africa,TD,Chad,11.8,11.6,13,10.2,12.1,-0.1,-0.8
Africa,Sub-Saharan Africa,TG,Togo,12.4,13.6,13.5,10.3,12.4,-0.7,-5.6
Africa,Sub-Saharan Africa,TZ,Tanzania,9.3,8.4,8.6,9.4,11,0.9,9.7
Africa,Sub-Saharan Africa,UG,Uganda,10.1,9.3,10.1,8.8,12.4,0.8,7.9
Africa,Sub-Saharan Africa,ZA,South Africa,11.6,11.7,12.7,10.5,11.5,-0.3,-2.6
Africa,Sub-Saharan Africa,ZM,Zambia,10.6,10.3,13.5,9.7,8.8,-0.8,-7.5
Africa,Sub-Saharan Africa,ZW,Zimbabwe,11.3,10.9,13.8,10.8,9.7,-0.7,-6.2
Africa,Sub-Saharan Africa,,,10,10.1,11.1,8.9,9.8,-0.3,
Africa,,,,10.5,10.6,11.5,9.5,10.4,-0.3,
Americas,Latin American and Caribbean,AG,Antigua and Barbuda,10.2,9.4,11.6,11.2,8.8,-0.2,-2
Americas,Latin American and Caribbean,AR,Argentina,11.7,11.7,11.5,11.5,11.9,0.1,0.9
Americas,Latin American and Caribbean,BB,Barbados,5,3.2,6.3,2.7,7.7,1,20
Americas,Latin American and Caribbean,BO,Bolivia,8.4,7.5,9.9,7.2,8.9,0.1,1.2
Americas,Latin American and Caribbean,BR,Brazil,10,8.7,10.2,10.4,10.6,0.6,6
Americas,Latin American and Caribbean,BS,"Bahamas, The",12.2,12.7,12.1,11.8,12.4,-0.1,-0.8
Americas,Latin American and Caribbean,BZ,Belize,9.7,9,11.7,8.4,9.6,-0.2,-2.1
Americas,Latin American and Caribbean,CL,Chile,12.8,12.7,12.7,12.9,12.8,0.1,0.8
Americas,Latin American and Caribbean,CO,Colombia,6.4,5.3,7.5,5.3,7.7,0.5,7.8
Americas,Latin American and Caribbean,CR,Costa Rica,9.3,8.6,9.4,8.3,10.9,0.6,6.5
Americas,Latin American and Caribbean,CU,Cuba,11,10.7,11.8,10.9,10.5,-0.1,-0.9
Americas,Latin American and Caribbean,DM,Dominica,5,3.2,6.3,2.7,7.7,1,20
Americas,Latin American and Caribbean,DO,Dominican Republic,7.8,8,7,9.5,6.7,-0.1,-1.3
Americas,Latin American and Caribbean,EC,Ecuador,5.2,4.9,6.2,2.9,6.8,0.2,3.8
Americas,Latin American and Caribbean,GD,Grenada,5,3.2,6.3,2.7,7.7,1,20
Americas,Latin American and Caribbean,GT,Guatemala,9.6,11.3,10.8,7.2,9.1,-1,-10.4
Americas,Latin American and Caribbean,GY,Guyana,8,4.4,10.4,9.1,8.1,1,12.5
Americas,Latin American and Caribbean,HN,Honduras,7.9,8.3,9.3,6.9,7.3,-0.5,-6.3
Americas,Latin American and Caribbean,HT,Haiti,7.7,9.1,5.3,10,6.3,-0.4,-5.2
Americas,Latin American and Caribbean,JM,Jamaica,12,12,12,12.7,11.4,-0.1,-0.8
Americas,Latin American and Caribbean,KN,St. Kitts and Nevis,10.2,9.4,11.6,11.2,8.8,-0.2,-2
Americas,Latin American and Caribbean,LC,St. Lucia,5,3.2,6.3,2.7,7.7,1,20
Americas,Latin American and Caribbean,MX,Mexico,12.3,13.4,12.9,10.9,12.2,-0.6,-4.9
Americas,Latin American and Caribbean,NI,Nicaragua,9,9.3,9.1,7.9,9.6,-0,-0
Americas,Latin American and Caribbean,PA,Panama,8.6,8,9.3,7.7,9.6,0.3,3.5
Americas,Latin American and Caribbean,PE,Peru,7.3,6.9,8.7,6.3,7.3,-0.1,-1.4
Americas,Latin American and Caribbean,PY,Paraguay,8.6,7.8,9.5,8.2,9,0.2,2.3
Americas,Latin American and Caribbean,SR,Suriname,11.2,8.4,11.6,11.6,13,1.4,12.5
Americas,Latin American and Caribbean,SV,El Salvador,7.8,7.3,9.7,8.4,5.9,-0.5,-6.4
Americas,Latin American and Caribbean,TT,Trinidad and Tobago,4.8,3.4,6.1,2.9,6.7,0.7,14.6
Americas,Latin American and Caribbean,UY,Uruguay,12.5,13.2,11.2,13.2,12.5,-0,-0
Americas,Latin American and Caribbean,VC,St. Vincent and the Grenadines,5,3.2,6.3,2.7,7.7,1,20
Americas,Latin American and Caribbean,VE,"Venezuela, RB",8.1,6.9,10.3,6.7,8.4,0.1,1.2
Americas,Latin American and Caribbean,,,10.1,9.6,10.6,9.7,10.4,0.2,
Americas,Northern America,CA,Canada,14.9,14.6,15.1,14.8,15,0.1,0.7
Americas,Northern America,US,United States,15.7,15.7,15.6,15.4,16,0.1,0.6
Americas,Northern America,,,15.4,15.3,15.4,15.2,15.7,0.1,
Americas,,,,12.6,12.3,12.9,12.3,12.9,0.1,
Asia,Central Asia,KG,Kyrgyz Republic,16.5,15.4,14.9,17.1,18.6,1.2,7.3
Asia,Central Asia,KZ,Kazakhstan,15.7,16.2,15.3,14.6,16.6,0.1,0.6
Asia,Central Asia,TJ,Tajikistan,16.5,15.3,15.5,16.7,18.6,1.1,6.7
Asia,Central Asia,TM,Turkmenistan,15.8,15.8,14.8,15.2,17.4,0.5,3.2
Asia,Central Asia,UZ,Uzbekistan,16.3,16.4,15.5,15.7,17.7,0.4,2.5
Asia,Central Asia,,,15.9,16.1,15.2,15.1,17.1,0.3,
Asia,Eastern Asia,CN,China,15.5,15.3,15.2,15.2,16.3,0.3,1.9
Asia,Eastern Asia,JP,Japan,15.7,14.9,16,14.2,17.7,0.7,4.5
Asia,Eastern Asia,KP,"Korea, Dem. People's Rep.",15.9,15.7,15.5,14.8,17.5,0.5,3.1
Asia,Eastern Asia,KR,"Korea, Rep.",17.1,15.1,17.5,16.6,19.2,1.1,6.4
Asia,Eastern Asia,MN,Mongolia,15,14.5,13.5,15.4,16.4,0.8,5.3
Asia,Eastern Asia,,,15.5,15.2,15.1,15.2,16.5,0.4,
Asia,South-eastern Asia,BN,Brunei Darussalam,8.5,7.6,9.9,7.1,9.6,0.3,3.5
Asia,South-eastern Asia,ID,Indonesia,5.7,4.9,5.2,5.1,7.4,0.7,12.3
Asia,South-eastern Asia,KH,Cambodia,14.7,12.9,17.4,13,15.4,0.3,2
Asia,South-eastern Asia,LA,Lao PDR,13.8,13.6,15.9,11.5,14.3,-0.2,-1.4
Asia,South-eastern Asia,MM,Myanmar,11.7,12.6,12.9,9.9,11.5,-0.6,-5.1
Asia,South-eastern Asia,MY,Malaysia,9.5,8.4,10,7.9,11.5,0.7,7.4
Asia,South-eastern Asia,PH,Philippines,11.1,9.6,11.2,10.1,13.5,1.1,9.9
Asia,South-eastern Asia,SG,Singapore,10.8,8.9,9.3,13,12,1.3,12
Asia,South-eastern Asia,TH,Thailand,15.3,14,17.6,13.5,16.3,0.3,2
Asia,South-eastern Asia,TL,Timor-Leste,8,7.3,8.2,6.9,9.8,0.6,7.5
Asia,South-eastern Asia,VN,Vietnam,13.9,12.5,15.4,13.2,14.5,0.4,2.9
Asia,South-eastern Asia,,,9.5,8.7,10,8.4,10.8,0.5,
Asia,Southern Asia,AF,Afghanistan,14.7,14,13.4,15,16.5,0.9,6.1
Asia,Southern Asia,BD,Bangladesh,10.1,8.8,9.9,10.4,11.4,0.8,7.9
Asia,Southern Asia,BT,Bhutan,12.9,12.7,12.1,13.6,13.2,0.3,2.3
Asia,Southern Asia,IN,India,15.6,15.9,15.9,15,15.7,-0.2,-1.3
Asia,Southern Asia,IR,"Iran, Islamic Rep.",14.6,12.9,13.3,15.3,16.9,1.4,9.6
Asia,Southern Asia,LK,Sri Lanka,10.4,12.3,10.2,7.7,11.2,-0.6,-5.8
Asia,Southern Asia,MV,Maldives,16,13.7,15.9,18,16.3,1,6.2
Asia,Southern Asia,NP,Nepal,11.5,12.1,12.4,9.6,12,-0.3,-2.6
Asia,Southern Asia,PK,Pakistan,13.7,13.2,12.4,14.2,15,0.7,5.1
Asia,Southern Asia,,,14.7,14.2,14.2,14.6,15.7,0.5,
Asia,Western Asia,AE,United Arab Emirates,14.3,13,15.3,12.4,16.5,0.8,5.6
Asia,Western Asia,AM,Armenia,15.9,15.3,13.5,15.6,19.2,1.4,8.8
Asia,Western Asia,AZ,Azerbaijan,15.3,15.6,12.7,14.5,18.3,1,6.5
Asia,Western Asia,BH,Bahrain,13.6,14.2,14.4,13.3,12.4,-0.6,-4.4
Asia,Western Asia,CY,Cyprus,15.7,16.3,14.8,15.8,16.1,0,0
Asia,Western Asia,GE,Georgia,15.6,15.3,13.7,14.8,18.8,1.2,7.7
Asia,Western Asia,IL,Israel,13.5,14.2,12.8,12.7,14.1,-0,-0
Asia,Western Asia,IQ,Iraq,15,15.2,13.7,14.7,16.2,0.4,2.7
Asia,Western Asia,JO,Jordan,14.5,14.5,14.1,13.6,15.8,0.3,2.1
Asia,Western Asia,KW,Kuwait,14.8,16.7,12.2,12.4,17.8,0.4,2.7
Asia,Western Asia,LB,Lebanon,14.3,14.6,13.7,14.5,14.3,-0,-0
Asia,Western Asia,OM,Oman,14.7,12.6,16.1,15.1,15,0.6,4.1
Asia,Western Asia,PS,West Bank and Gaza,13,14.1,12,12,13.7,-0.1,-0.8
Asia,Western Asia,QA,Qatar,13.1,12.8,14,13.6,12.1,-0.2,-1.5
Asia,Western Asia,SA,Saudi Arabia,14.8,15.4,13.9,13.5,16.3,0.2,1.4
Asia,Western Asia,SY,Syrian Arab Republic,15.1,15.4,14.5,14.5,16.1,0.2,1.3
Asia,Western Asia,TR,Turkey,16.2,16.1,15,15.6,18.1,0.7,4.3
Asia,Western Asia,YE,"Yemen, Rep.",11.1,9.6,9.4,10,15.4,1.8,16.2
Asia,Western Asia,,,14.8,14.8,13.7,13.9,16.6,0.6,
Asia,,,,14.1,13.7,13.7,13.5,15.3,0.5,
Europe,Eastern Europe,BG,Bulgaria,16.3,16.5,14.6,16,18,0.6,3.7
Europe,Eastern Europe,BY,Belarus,15.8,16.2,16.9,13,17,-0.1,-0.6
Europe,Eastern Europe,CZ,Czech Republic,15.9,15.1,15.8,15.6,17,0.6,3.8
Europe,Eastern Europe,HU,Hungary,16.7,16.5,15.5,16.7,18.2,0.6,3.6
Europe,Eastern Europe,MD,Moldova,15.7,15.8,15.6,13.7,17.7,0.4,2.5
Europe,Eastern Europe,PL,Poland,15.2,14.5,15.5,14.5,16.1,0.4,2.6
Europe,Eastern Europe,RO,Romania,16.4,16.8,15.2,15.3,18.3,0.5,3
Europe,Eastern Europe,RU,Russian Federation,15.7,15.7,15.5,15.2,16.6,0.2,1.3
Europe,Eastern Europe,SK,Slovak Republic,16.5,16.2,15.7,16.2,18,0.6,3.6
Europe,Eastern Europe,UA,Ukraine,15.8,15.8,16.8,13.6,17.2,0.1,0.6
Europe,Eastern Europe,,,15.8,15.7,15.5,15.1,16.7,0.3,
Europe,Northern Europe,DK,Denmark,14.4,13.4,15.4,14.4,14.5,0.2,1.4
Europe,Northern Europe,EE,Estonia,15.7,16.4,16.4,12.7,17.4,-0.1,-0.6
Europe,Northern Europe,FI,Finland,15.7,16.1,15.9,14.1,16.6,-0,-0
Europe,Northern Europe,GB,United Kingdom,14,14.2,14.4,14.4,13.1,-0.3,-2.1
Europe,Northern Europe,IE,Ireland,14.2,14.9,14.6,13.9,13.3,-0.5,-3.5
Europe,Northern Europe,IS,Iceland,15,14.4,15.8,13.3,16.4,0.4,2.7
Europe,Northern Europe,LT,Lithuania,15.5,15.7,16.5,13.8,15.9,-0.2,-1.3
Europe,Northern Europe,LV,Latvia,15.7,16.2,16.4,13.3,16.8,-0.1,-0.6
Europe,Northern Europe,NO,Norway,15.5,14.9,16.3,16.7,14,-0.2,-1.3
Europe,Northern Europe,SE,Sweden,15.8,15.8,16.6,16.1,14.9,-0.3,-1.9
Europe,Northern Europe,,,15.2,15.1,15.8,15,14.8,-0.2,
Europe,Southern Europe,AD,Andorra,15.9,17.1,15.4,16.1,14.9,-0.6,-3.8
Europe,Southern Europe,AL,Albania,17.6,17.5,16.7,17.6,18.6,0.4,2.3
Europe,Southern Europe,BA,Bosnia and Herzegovina,17,17.2,15.4,17.8,17.6,0.4,2.4
Europe,Southern Europe,ES,Spain,15.3,15.3,15.8,14.9,15.4,-0.1,-0.7
Europe,Southern Europe,GR,Greece,16.3,16.2,15.7,15.7,17.6,0.4,2.5
Europe,Southern Europe,HR,Croatia,17.2,17,15.9,18.1,17.6,0.4,2.3
Europe,Southern Europe,IT,Italy,17.1,17.6,16.6,17.3,17,-0.1,-0.6
Europe,Southern Europe,ME,Montenegro,17.4,17.9,15.9,17.2,18.7,0.4,2.3
Europe,Southern Europe,MK,North Macedonia,17.5,17.3,17,16.5,19.1,0.5,2.9
Europe,Southern Europe,MT,Malta,16.9,17.8,16.8,16.4,16.6,-0.4,-2.4
Europe,Southern Europe,PT,Portugal,15.2,15.4,15.6,14.8,15.3,-0.1,-0.7
Europe,Southern Europe,RS,Serbia,16.8,16.8,15.4,16.8,18.3,0.6,3.6
Europe,Southern Europe,SI,Slovenia,17.3,17,16.4,17.3,18.3,0.5,2.9
Europe,Southern Europe,SM,San Marino,17.6,17,17.7,18.4,17.2,0.1,0.6
Europe,Southern Europe,,,16.4,16.5,16,16.2,16.8,0.1,
Europe,Southern Europe,,VAT,16.6,15.7,15.2,19.1,16.6,0.7,4.2
Europe,Western Europe,AT,Austria,16.4,16.3,16.2,15.6,17.5,0.3,1.8
Europe,Western Europe,BE,Belgium,15.3,15.3,16.5,15.2,14.3,-0.4,-2.6
Europe,Western Europe,CH,Switzerland,16.9,16.6,17.3,16.8,17.1,0.1,0.6
Europe,Western Europe,DE,Germany,15.6,15.3,16.5,15.1,15.3,-0.1,-0.6
Europe,Western Europe,FR,France,15,14.1,15.9,15.1,14.9,0.2,1.3
Europe,Western Europe,LI,Liechtenstein,15.9,15.2,16.5,15.2,16.6,0.3,1.9
Europe,Western Europe,LU,Luxembourg,16.1,15.8,17.5,15.4,15.5,-0.3,-1.9
Europe,Western Europe,MC,Monaco,16,17.8,14.4,16.8,15.1,-0.6,-3.8
Europe,Western Europe,NL,Netherlands,13.8,13.4,15.1,13.9,12.8,-0.3,-2.2
Europe,Western Europe,,,15.3,14.7,16.2,15.2,15.2,0,
Europe,,,,15.7,15.6,15.7,15.2,16.3,0.2,
Global,,,,13.2,13,13.4,12.6,13.7,0.1,
Oceania,Australia and New Zealand,AU,Australia,12.3,12.3,13.1,12,11.9,-0.2,-1.6
Oceania,Australia and New Zealand,NZ,New Zealand,13,11.3,14.2,12.2,14.4,0.7,5.4
Oceania,Australia and New Zealand,,,12.5,12,13.4,12,12.6,0,
Oceania,Other regions in Oceania,FJ,Fiji,15.3,15.4,13.5,18.2,14,0,0
Oceania,Other regions in Oceania,FM,"Micronesia, Fed. Sts.",5.5,3.7,4.6,5,8.8,1.6,29.1
Oceania,Other regions in Oceania,NR,Nauru,5.4,5.7,8.4,2.7,4.7,-0.9,-16.7
Oceania,Other regions in Oceania,PG,Papua New Guinea,5,5.6,5.8,3.8,4.7,-0.5,-10
Oceania,Other regions in Oceania,SB,Solomon Islands,6,5.8,7,3.8,7.3,0.1,1.7
Oceania,Other regions in Oceania,TV,Tuvalu,10,11.6,7.6,12.1,8.7,-0.4,-4
Oceania,Other regions in Oceania,VU,Vanuatu,11.1,12.7,12.2,9.3,10.1,-1.1,-9.9
Oceania,Other regions in Oceania,,,6.5,7.1,7.1,5.5,6.3,-0.4,
Oceania,,,,10.2,10.1,10.9,9.5,10.1,-0.1,
